Stage ID,Stage Name,Parent IDs,Number of Tasks,Submission Time,Completion Time,Duration,Executed,
0,count at GraphLoader.scala:93,,800,1438034609373,1438034690095,80722,True,
4,mapPartitions at VertexRDD.scala:358,,800,1438034690528,1438034737847,47319,True,
5,mapPartitions at GraphImpl.scala:235,,800,1438034690607,1438034755800,65193,True,
3,mapPartitions at VertexRDDImpl.scala:247,1 2,800,1438034755851,1438034805533,49682,True,
6,mapPartitions at VertexRDDImpl.scala:247,5 4,800,1438034755888,1438034816633,60745,True,
7,mapPartitions at GraphImpl.scala:235,6 3,800,1438034816668,1438034970651,153983,True,
8,mapPartitions at VertexRDDImpl.scala:247,5 7 4,800,1438034970676,1438035025812,55136,True,
9,foreachPartition at PageRank.scala:145,6 3 8,800,1438035025838,1438035192931,167093,True,
18,mapPartitions at GraphImpl.scala:235,15 12 17,800,1438035193536,1438035235083,41547,True,
19,mapPartitions at VertexRDDImpl.scala:247,16 13 18 14,800,1438035235109,1438035291924,56815,True,
20,foreachPartition at PageRank.scala:145,15 12 19 17,800,1438035291945,1438035409708,117763,True,
31,mapPartitions at GraphImpl.scala:235,30 28 26 23,800,1438035410425,1438035468114,57689,True,
32,mapPartitions at VertexRDDImpl.scala:247,27 31 24 25 29,800,1438035468139,1438035515805,47666,True,
33,foreachPartition at PageRank.scala:145,30 32 28 26 23,800,1438035515820,1438035657083,141263,True,
46,mapPartitions at GraphImpl.scala:235,45 39 36 43 41,800,1438035657964,1438035707857,49893,True,
47,mapPartitions at VertexRDDImpl.scala:247,37 46 38 42 40 44,800,1438035707878,1438035766737,58859,True,
48,foreachPartition at PageRank.scala:145,45 39 36 43 47 41,800,1438035766753,1438035938461,171708,True,
63,mapPartitions at GraphImpl.scala:235,51 60 56 54 58 62,800,1438035939494,1438035983624,44130,True,
64,mapPartitions at VertexRDDImpl.scala:247,63 52 53 57 61 55 59,800,1438035983645,1438036031654,48009,True,
65,foreachPartition at PageRank.scala:145,51 60 64 56 54 58 62,800,1438036031678,1438036188735,157057,True,
82,mapPartitions at GraphImpl.scala:235,81 71 68 75 79 73 77,800,1438036189923,1438036239814,49891,True,
83,mapPartitions at VertexRDDImpl.scala:247,78 70 82 74 72 69 76 80,800,1438036239833,1438036282981,43148,True,
84,foreachPartition at PageRank.scala:145,81 71 68 83 75 79 73 77,800,1438036282996,1438036396344,113348,True,
103,mapPartitions at GraphImpl.scala:235,102 96 100 90 87 94 98 92,800,1438036397715,1438036449556,51841,True,
104,mapPartitions at VertexRDDImpl.scala:247,99 88 103 89 101 93 97 91 95,800,1438036449578,1438036493808,44230,True,
105,foreachPartition at PageRank.scala:145,102 96 100 104 90 87 94 98 92,800,1438036493830,1438036668109,174279,True,
126,mapPartitions at GraphImpl.scala:235,117 121 115 125 119 111 108 123 113,800,1438036669618,1438036723198,53580,True,
127,mapPartitions at VertexRDDImpl.scala:247,114 118 122 126 120 112 109 124 116 110,800,1438036723216,1438036773474,50258,True,
128,foreachPartition at PageRank.scala:145,117 121 115 125 119 111 108 123 127 113,800,1438036773491,1438036909040,135549,True,
151,mapPartitions at GraphImpl.scala:235,150 136 140 144 138 148 142 134 131 146,800,1438036910731,1438036954267,43536,True,
152,mapPartitions at VertexRDDImpl.scala:247,143 135 132 147 139 151 133 137 141 145 149,800,1438036954285,1438037011343,57058,True,
153,foreachPartition at PageRank.scala:145,150 136 140 152 144 138 148 142 134 131 146,800,1438037011354,1438037143452,132098,True,
178,mapPartitions at GraphImpl.scala:235,161 171 165 169 173 177 159 156 163 175 167,800,1438037145324,1438037192459,47135,True,
179,mapPartitions at VertexRDDImpl.scala:247,168 157 172 166 176 158 170 162 174 178 160 164,800,1438037192475,1438037234126,41651,True,
180,foreachPartition at PageRank.scala:145,179 161 171 165 169 173 177 159 156 163 175 167,800,1438037234137,1438037370266,136129,True,
207,mapPartitions at GraphImpl.scala:235,204 186 198 183 190 202 194 206 188 192 196 200,800,1438037372291,1438037422747,50456,True,
208,mapPartitions at VertexRDDImpl.scala:247,197 201 205 187 184 191 203 195 207 189 199 193 185,800,1438037422764,1438037469518,46754,True,
209,foreachPartition at PageRank.scala:145,204 186 198 183 208 190 202 194 206 188 192 196 200,800,1438037469528,1438037584203,114675,True,
238,mapPartitions at GraphImpl.scala:235,233 215 212 237 219 223 235 227 221 231 225 217 229,800,1438037586420,1438037635074,48654,True,
239,mapPartitions at VertexRDDImpl.scala:247,234 220 213 228 214 236 230 222 216 238 224 232 226 218,800,1438037635092,1438037685839,50747,True,
240,foreachPartition at PageRank.scala:145,233 212 219 235 227 221 229 215 237 223 239 231 225 217,800,1438037685880,1438037817394,131514,True,
270,saveAsTextFile at pagerankApp.scala:55,269 263 255 249 257 265 244 251 267 259 253 245 261 247,800,1438037819917,1438037830795,10878,True,
231,mapPartitions at VertexRDDImpl.scala:247,230 222 216 220 224 213 228 214 226 218,800,0,0,0,False,
232,mapPartitions at GraphImpl.scala:235,215 212 219 223 227 221 231 225 217 229,800,0,0,0,False,
233,mapPartitions at VertexRDDImpl.scala:247,230 222 216 220 224 213 228 232 214 226 218,800,0,0,0,False,
34,mapPartitions at GraphImpl.scala:235,,800,0,0,0,False,
234,mapPartitions at GraphImpl.scala:235,233 215 212 219 223 227 221 231 225 217 229,800,0,0,0,False,
35,mapPartitions at VertexRDD.scala:358,,800,0,0,0,False,
235,mapPartitions at VertexRDDImpl.scala:247,230 222 234 216 220 224 213 228 232 214 226 218,800,0,0,0,False,
36,mapPartitions at VertexRDDImpl.scala:247,34 35,800,0,0,0,False,
236,mapPartitions at GraphImpl.scala:235,233 215 212 219 223 235 227 221 231 225 217 229,800,0,0,0,False,
37,mapPartitions at VertexRDD.scala:358,,800,0,0,0,False,
237,mapPartitions at VertexRDDImpl.scala:247,218 230 222 234 216 220 224 213 228 232 214 226 236,800,0,0,0,False,
38,mapPartitions at GraphImpl.scala:235,,800,0,0,0,False,
39,mapPartitions at VertexRDDImpl.scala:247,37 38,800,0,0,0,False,
40,mapPartitions at GraphImpl.scala:235,39 36,800,0,0,0,False,
241,mapPartitions at GraphImpl.scala:235,,800,0,0,0,False,
41,mapPartitions at VertexRDDImpl.scala:247,37 38 40,800,0,0,0,False,
242,mapPartitions at VertexRDD.scala:358,,800,0,0,0,False,
42,mapPartitions at GraphImpl.scala:235,39 36 41,800,0,0,0,False,
243,mapPartitions at VertexRDDImpl.scala:247,241 242,800,0,0,0,False,
43,mapPartitions at VertexRDDImpl.scala:247,37 38 42 40,800,0,0,0,False,
44,mapPartitions at GraphImpl.scala:235,39 36 43 41,800,0,0,0,False,
244,mapPartitions at VertexRDD.scala:358,,800,0,0,0,False,
45,mapPartitions at VertexRDDImpl.scala:247,37 38 42 40 44,800,0,0,0,False,
245,mapPartitions at GraphImpl.scala:235,,800,0,0,0,False,
246,mapPartitions at VertexRDDImpl.scala:247,245 244,800,0,0,0,False,
247,mapPartitions at GraphImpl.scala:235,246 243,800,0,0,0,False,
248,mapPartitions at VertexRDDImpl.scala:247,245 247 244,800,0,0,0,False,
49,mapPartitions at GraphImpl.scala:235,,800,0,0,0,False,
249,mapPartitions at GraphImpl.scala:235,248 246 243,800,0,0,0,False,
50,mapPartitions at VertexRDD.scala:358,,800,0,0,0,False,
250,mapPartitions at VertexRDDImpl.scala:247,249 245 247 244,800,0,0,0,False,
251,mapPartitions at GraphImpl.scala:235,248 246 243 250,800,0,0,0,False,
51,mapPartitions at VertexRDDImpl.scala:247,49 50,800,0,0,0,False,
252,mapPartitions at VertexRDDImpl.scala:247,251 249 245 247 244,800,0,0,0,False,
52,mapPartitions at VertexRDD.scala:358,,800,0,0,0,False,
253,mapPartitions at GraphImpl.scala:235,248 252 246 243 250,800,0,0,0,False,
53,mapPartitions at GraphImpl.scala:235,,800,0,0,0,False,
54,mapPartitions at VertexRDDImpl.scala:247,52 53,800,0,0,0,False,
254,mapPartitions at VertexRDDImpl.scala:247,251 249 253 245 247 244,800,0,0,0,False,
55,mapPartitions at GraphImpl.scala:235,51 54,800,0,0,0,False,
255,mapPartitions at GraphImpl.scala:235,248 252 246 243 250 254,800,0,0,0,False,
56,mapPartitions at VertexRDDImpl.scala:247,52 53 55,800,0,0,0,False,
256,mapPartitions at VertexRDDImpl.scala:247,251 255 249 253 245 247 244,800,0,0,0,False,
57,mapPartitions at GraphImpl.scala:235,51 56 54,800,0,0,0,False,
257,mapPartitions at GraphImpl.scala:235,248 252 256 246 243 250 254,800,0,0,0,False,
258,mapPartitions at VertexRDDImpl.scala:247,251 255 249 253 245 257 247 244,800,0,0,0,False,
58,mapPartitions at VertexRDDImpl.scala:247,52 53 57 55,800,0,0,0,False,
59,mapPartitions at GraphImpl.scala:235,51 56 54 58,800,0,0,0,False,
259,mapPartitions at GraphImpl.scala:235,248 252 256 246 243 258 250 254,800,0,0,0,False,
60,mapPartitions at VertexRDDImpl.scala:247,52 53 57 55 59,800,0,0,0,False,
260,mapPartitions at VertexRDDImpl.scala:247,251 255 249 259 253 245 257 247 244,800,0,0,0,False,
261,mapPartitions at GraphImpl.scala:235,248 252 256 260 246 243 258 250 254,800,0,0,0,False,
61,mapPartitions at GraphImpl.scala:235,51 60 56 54 58,800,0,0,0,False,
262,mapPartitions at VertexRDDImpl.scala:247,251 255 249 259 253 245 257 261 247 244,800,0,0,0,False,
62,mapPartitions at VertexRDDImpl.scala:247,52 53 57 61 55 59,800,0,0,0,False,
263,mapPartitions at GraphImpl.scala:235,248 252 256 260 246 243 258 250 262 254,800,0,0,0,False,
264,mapPartitions at VertexRDDImpl.scala:247,251 263 255 249 259 253 245 257 261 247 244,800,0,0,0,False,
265,mapPartitions at GraphImpl.scala:235,248 252 256 260 264 246 258 243 250 262 254,800,0,0,0,False,
266,mapPartitions at VertexRDDImpl.scala:247,251 263 255 249 259 253 245 257 261 265 247 244,800,0,0,0,False,
66,mapPartitions at GraphImpl.scala:235,,800,0,0,0,False,
67,mapPartitions at VertexRDD.scala:358,,800,0,0,0,False,
267,mapPartitions at GraphImpl.scala:235,266 248 252 256 260 264 246 258 243 250 262 254,800,0,0,0,False,
268,mapPartitions at VertexRDDImpl.scala:247,251 263 255 267 249 259 253 245 257 261 265 247 244,800,0,0,0,False,
68,mapPartitions at VertexRDDImpl.scala:247,66 67,800,0,0,0,False,
69,mapPartitions at VertexRDD.scala:358,,800,0,0,0,False,
269,mapPartitions at GraphImpl.scala:235,266 248 252 256 260 264 246 258 243 268 250 262 254,800,0,0,0,False,
70,mapPartitions at GraphImpl.scala:235,,800,0,0,0,False,
71,mapPartitions at VertexRDDImpl.scala:247,70 69,800,0,0,0,False,
72,mapPartitions at GraphImpl.scala:235,71 68,800,0,0,0,False,
73,mapPartitions at VertexRDDImpl.scala:247,70 72 69,800,0,0,0,False,
74,mapPartitions at GraphImpl.scala:235,71 68 73,800,0,0,0,False,
75,mapPartitions at VertexRDDImpl.scala:247,70 74 72 69,800,0,0,0,False,
76,mapPartitions at GraphImpl.scala:235,71 68 75 73,800,0,0,0,False,
77,mapPartitions at VertexRDDImpl.scala:247,70 74 72 69 76,800,0,0,0,False,
78,mapPartitions at GraphImpl.scala:235,71 68 75 73 77,800,0,0,0,False,
79,mapPartitions at VertexRDDImpl.scala:247,78 70 74 72 69 76,800,0,0,0,False,
80,mapPartitions at GraphImpl.scala:235,71 68 75 79 73 77,800,0,0,0,False,
81,mapPartitions at VertexRDDImpl.scala:247,78 70 74 72 69 76 80,800,0,0,0,False,
85,mapPartitions at GraphImpl.scala:235,,800,0,0,0,False,
86,mapPartitions at VertexRDD.scala:358,,800,0,0,0,False,
87,mapPartitions at VertexRDDImpl.scala:247,85 86,800,0,0,0,False,
88,mapPartitions at VertexRDD.scala:358,,800,0,0,0,False,
89,mapPartitions at GraphImpl.scala:235,,800,0,0,0,False,
90,mapPartitions at VertexRDDImpl.scala:247,88 89,800,0,0,0,False,
91,mapPartitions at GraphImpl.scala:235,90 87,800,0,0,0,False,
92,mapPartitions at VertexRDDImpl.scala:247,88 89 91,800,0,0,0,False,
93,mapPartitions at GraphImpl.scala:235,90 87 92,800,0,0,0,False,
94,mapPartitions at VertexRDDImpl.scala:247,88 89 93 91,800,0,0,0,False,
95,mapPartitions at GraphImpl.scala:235,90 87 94 92,800,0,0,0,False,
96,mapPartitions at VertexRDDImpl.scala:247,88 89 93 91 95,800,0,0,0,False,
97,mapPartitions at GraphImpl.scala:235,96 90 87 94 92,800,0,0,0,False,
98,mapPartitions at VertexRDDImpl.scala:247,88 89 93 97 91 95,800,0,0,0,False,
99,mapPartitions at GraphImpl.scala:235,96 90 87 94 98 92,800,0,0,0,False,
100,mapPartitions at VertexRDDImpl.scala:247,99 88 89 93 97 91 95,800,0,0,0,False,
101,mapPartitions at GraphImpl.scala:235,96 100 90 87 94 98 92,800,0,0,0,False,
102,mapPartitions at VertexRDDImpl.scala:247,99 88 89 101 93 97 91 95,800,0,0,0,False,
106,mapPartitions at GraphImpl.scala:235,,800,0,0,0,False,
107,mapPartitions at VertexRDD.scala:358,,800,0,0,0,False,
108,mapPartitions at VertexRDDImpl.scala:247,107 106,800,0,0,0,False,
109,mapPartitions at VertexRDD.scala:358,,800,0,0,0,False,
110,mapPartitions at GraphImpl.scala:235,,800,0,0,0,False,
111,mapPartitions at VertexRDDImpl.scala:247,109 110,800,0,0,0,False,
112,mapPartitions at GraphImpl.scala:235,111 108,800,0,0,0,False,
113,mapPartitions at VertexRDDImpl.scala:247,112 109 110,800,0,0,0,False,
114,mapPartitions at GraphImpl.scala:235,111 108 113,800,0,0,0,False,
115,mapPartitions at VertexRDDImpl.scala:247,114 112 109 110,800,0,0,0,False,
116,mapPartitions at GraphImpl.scala:235,115 111 108 113,800,0,0,0,False,
117,mapPartitions at VertexRDDImpl.scala:247,114 112 109 116 110,800,0,0,0,False,
118,mapPartitions at GraphImpl.scala:235,117 115 111 108 113,800,0,0,0,False,
119,mapPartitions at VertexRDDImpl.scala:247,114 118 112 109 116 110,800,0,0,0,False,
120,mapPartitions at GraphImpl.scala:235,117 115 119 111 108 113,800,0,0,0,False,
121,mapPartitions at VertexRDDImpl.scala:247,114 118 120 112 109 116 110,800,0,0,0,False,
122,mapPartitions at GraphImpl.scala:235,117 121 115 119 111 108 113,800,0,0,0,False,
123,mapPartitions at VertexRDDImpl.scala:247,114 118 122 120 112 109 116 110,800,0,0,0,False,
124,mapPartitions at GraphImpl.scala:235,117 121 115 119 111 108 123 113,800,0,0,0,False,
125,mapPartitions at VertexRDDImpl.scala:247,114 118 122 120 112 109 124 116 110,800,0,0,0,False,
129,mapPartitions at GraphImpl.scala:235,,800,0,0,0,False,
130,mapPartitions at VertexRDD.scala:358,,800,0,0,0,False,
131,mapPartitions at VertexRDDImpl.scala:247,129 130,800,0,0,0,False,
132,mapPartitions at VertexRDD.scala:358,,800,0,0,0,False,
133,mapPartitions at GraphImpl.scala:235,,800,0,0,0,False,
134,mapPartitions at VertexRDDImpl.scala:247,132 133,800,0,0,0,False,
135,mapPartitions at GraphImpl.scala:235,134 131,800,0,0,0,False,
136,mapPartitions at VertexRDDImpl.scala:247,135 132 133,800,0,0,0,False,
137,mapPartitions at GraphImpl.scala:235,136 134 131,800,0,0,0,False,
138,mapPartitions at VertexRDDImpl.scala:247,135 132 133 137,800,0,0,0,False,
139,mapPartitions at GraphImpl.scala:235,136 138 134 131,800,0,0,0,False,
140,mapPartitions at VertexRDDImpl.scala:247,135 132 139 133 137,800,0,0,0,False,
141,mapPartitions at GraphImpl.scala:235,136 140 138 134 131,800,0,0,0,False,
142,mapPartitions at VertexRDDImpl.scala:247,135 132 139 133 137 141,800,0,0,0,False,
143,mapPartitions at GraphImpl.scala:235,136 140 138 142 134 131,800,0,0,0,False,
144,mapPartitions at VertexRDDImpl.scala:247,143 135 132 139 133 137 141,800,0,0,0,False,
145,mapPartitions at GraphImpl.scala:235,136 140 144 138 142 134 131,800,0,0,0,False,
146,mapPartitions at VertexRDDImpl.scala:247,143 135 132 139 133 137 141 145,800,0,0,0,False,
147,mapPartitions at GraphImpl.scala:235,136 140 144 138 142 134 131 146,800,0,0,0,False,
148,mapPartitions at VertexRDDImpl.scala:247,143 135 132 147 139 133 137 141 145,800,0,0,0,False,
149,mapPartitions at GraphImpl.scala:235,136 140 144 138 148 142 134 131 146,800,0,0,0,False,
150,mapPartitions at VertexRDDImpl.scala:247,143 135 132 147 139 133 137 141 145 149,800,0,0,0,False,
154,mapPartitions at GraphImpl.scala:235,,800,0,0,0,False,
155,mapPartitions at VertexRDD.scala:358,,800,0,0,0,False,
156,mapPartitions at VertexRDDImpl.scala:247,154 155,800,0,0,0,False,
157,mapPartitions at VertexRDD.scala:358,,800,0,0,0,False,
158,mapPartitions at GraphImpl.scala:235,,800,0,0,0,False,
159,mapPartitions at VertexRDDImpl.scala:247,157 158,800,0,0,0,False,
160,mapPartitions at GraphImpl.scala:235,159 156,800,0,0,0,False,
161,mapPartitions at VertexRDDImpl.scala:247,157 158 160,800,0,0,0,False,
162,mapPartitions at GraphImpl.scala:235,161 159 156,800,0,0,0,False,
163,mapPartitions at VertexRDDImpl.scala:247,157 158 162 160,800,0,0,0,False,
164,mapPartitions at GraphImpl.scala:235,161 159 156 163,800,0,0,0,False,
165,mapPartitions at VertexRDDImpl.scala:247,157 158 162 160 164,800,0,0,0,False,
166,mapPartitions at GraphImpl.scala:235,161 165 159 156 163,800,0,0,0,False,
167,mapPartitions at VertexRDDImpl.scala:247,157 166 158 162 160 164,800,0,0,0,False,
168,mapPartitions at GraphImpl.scala:235,161 165 159 156 163 167,800,0,0,0,False,
169,mapPartitions at VertexRDDImpl.scala:247,168 157 166 158 162 160 164,800,0,0,0,False,
170,mapPartitions at GraphImpl.scala:235,161 165 169 159 156 163 167,800,0,0,0,False,
171,mapPartitions at VertexRDDImpl.scala:247,168 157 166 158 170 162 160 164,800,0,0,0,False,
172,mapPartitions at GraphImpl.scala:235,161 171 165 169 159 156 163 167,800,0,0,0,False,
173,mapPartitions at VertexRDDImpl.scala:247,168 157 172 166 158 170 162 160 164,800,0,0,0,False,
174,mapPartitions at GraphImpl.scala:235,161 171 165 169 173 159 156 163 167,800,0,0,0,False,
175,mapPartitions at VertexRDDImpl.scala:247,168 157 172 166 158 170 162 174 160 164,800,0,0,0,False,
176,mapPartitions at GraphImpl.scala:235,161 171 165 169 173 159 156 163 175 167,800,0,0,0,False,
177,mapPartitions at VertexRDDImpl.scala:247,168 157 172 166 176 158 170 162 174 160 164,800,0,0,0,False,
181,mapPartitions at GraphImpl.scala:235,,800,0,0,0,False,
182,mapPartitions at VertexRDD.scala:358,,800,0,0,0,False,
183,mapPartitions at VertexRDDImpl.scala:247,181 182,800,0,0,0,False,
184,mapPartitions at VertexRDD.scala:358,,800,0,0,0,False,
185,mapPartitions at GraphImpl.scala:235,,800,0,0,0,False,
186,mapPartitions at VertexRDDImpl.scala:247,184 185,800,0,0,0,False,
187,mapPartitions at GraphImpl.scala:235,186 183,800,0,0,0,False,
188,mapPartitions at VertexRDDImpl.scala:247,187 184 185,800,0,0,0,False,
189,mapPartitions at GraphImpl.scala:235,186 183 188,800,0,0,0,False,
190,mapPartitions at VertexRDDImpl.scala:247,187 184 189 185,800,0,0,0,False,
191,mapPartitions at GraphImpl.scala:235,186 183 190 188,800,0,0,0,False,
192,mapPartitions at VertexRDDImpl.scala:247,187 184 191 189 185,800,0,0,0,False,
193,mapPartitions at GraphImpl.scala:235,186 183 190 188 192,800,0,0,0,False,
194,mapPartitions at VertexRDDImpl.scala:247,187 184 191 189 193 185,800,0,0,0,False,
195,mapPartitions at GraphImpl.scala:235,186 183 190 194 188 192,800,0,0,0,False,
196,mapPartitions at VertexRDDImpl.scala:247,187 184 191 195 189 193 185,800,0,0,0,False,
197,mapPartitions at GraphImpl.scala:235,186 183 190 194 188 192 196,800,0,0,0,False,
198,mapPartitions at VertexRDDImpl.scala:247,197 187 184 191 195 189 193 185,800,0,0,0,False,
199,mapPartitions at GraphImpl.scala:235,186 183 198 190 194 188 192 196,800,0,0,0,False,
200,mapPartitions at VertexRDDImpl.scala:247,197 187 184 191 195 189 199 193 185,800,0,0,0,False,
201,mapPartitions at GraphImpl.scala:235,186 183 198 190 194 188 192 196 200,800,0,0,0,False,
1,mapPartitions at GraphImpl.scala:235,,800,0,0,0,False,
202,mapPartitions at VertexRDDImpl.scala:247,197 201 187 184 191 195 189 199 193 185,800,0,0,0,False,
2,mapPartitions at VertexRDD.scala:358,,800,0,0,0,False,
203,mapPartitions at GraphImpl.scala:235,186 183 198 190 202 194 188 192 196 200,800,0,0,0,False,
204,mapPartitions at VertexRDDImpl.scala:247,197 201 187 184 191 203 195 189 199 193 185,800,0,0,0,False,
205,mapPartitions at GraphImpl.scala:235,204 186 198 183 190 202 194 188 192 196 200,800,0,0,0,False,
206,mapPartitions at VertexRDDImpl.scala:247,197 201 205 187 184 191 203 195 189 199 193 185,800,0,0,0,False,
210,mapPartitions at GraphImpl.scala:235,,800,0,0,0,False,
10,mapPartitions at GraphImpl.scala:235,,800,0,0,0,False,
11,mapPartitions at VertexRDD.scala:358,,800,0,0,0,False,
211,mapPartitions at VertexRDD.scala:358,,800,0,0,0,False,
12,mapPartitions at VertexRDDImpl.scala:247,10 11,800,0,0,0,False,
212,mapPartitions at VertexRDDImpl.scala:247,210 211,800,0,0,0,False,
13,mapPartitions at VertexRDD.scala:358,,800,0,0,0,False,
213,mapPartitions at VertexRDD.scala:358,,800,0,0,0,False,
14,mapPartitions at GraphImpl.scala:235,,800,0,0,0,False,
214,mapPartitions at GraphImpl.scala:235,,800,0,0,0,False,
215,mapPartitions at VertexRDDImpl.scala:247,213 214,800,0,0,0,False,
15,mapPartitions at VertexRDDImpl.scala:247,13 14,800,0,0,0,False,
16,mapPartitions at GraphImpl.scala:235,15 12,800,0,0,0,False,
216,mapPartitions at GraphImpl.scala:235,215 212,800,0,0,0,False,
17,mapPartitions at VertexRDDImpl.scala:247,16 13 14,800,0,0,0,False,
217,mapPartitions at VertexRDDImpl.scala:247,216 213 214,800,0,0,0,False,
218,mapPartitions at GraphImpl.scala:235,215 212 217,800,0,0,0,False,
219,mapPartitions at VertexRDDImpl.scala:247,216 213 214 218,800,0,0,0,False,
220,mapPartitions at GraphImpl.scala:235,215 212 219 217,800,0,0,0,False,
21,mapPartitions at GraphImpl.scala:235,,800,0,0,0,False,
221,mapPartitions at VertexRDDImpl.scala:247,216 220 213 214 218,800,0,0,0,False,
222,mapPartitions at GraphImpl.scala:235,215 212 219 221 217,800,0,0,0,False,
22,mapPartitions at VertexRDD.scala:358,,800,0,0,0,False,
223,mapPartitions at VertexRDDImpl.scala:247,222 216 220 213 214 218,800,0,0,0,False,
23,mapPartitions at VertexRDDImpl.scala:247,21 22,800,0,0,0,False,
224,mapPartitions at GraphImpl.scala:235,215 212 219 223 221 217,800,0,0,0,False,
24,mapPartitions at VertexRDD.scala:358,,800,0,0,0,False,
225,mapPartitions at VertexRDDImpl.scala:247,222 216 220 224 213 214 218,800,0,0,0,False,
25,mapPartitions at GraphImpl.scala:235,,800,0,0,0,False,
226,mapPartitions at GraphImpl.scala:235,215 212 219 223 221 225 217,800,0,0,0,False,
26,mapPartitions at VertexRDDImpl.scala:247,24 25,800,0,0,0,False,
27,mapPartitions at GraphImpl.scala:235,26 23,800,0,0,0,False,
227,mapPartitions at VertexRDDImpl.scala:247,222 216 220 224 213 214 226 218,800,0,0,0,False,
28,mapPartitions at VertexRDDImpl.scala:247,27 24 25,800,0,0,0,False,
228,mapPartitions at GraphImpl.scala:235,215 212 219 223 227 221 225 217,800,0,0,0,False,
229,mapPartitions at VertexRDDImpl.scala:247,222 216 220 224 213 228 214 226 218,800,0,0,0,False,
29,mapPartitions at GraphImpl.scala:235,28 26 23,800,0,0,0,False,
30,mapPartitions at VertexRDDImpl.scala:247,27 24 25 29,800,0,0,0,False,
230,mapPartitions at GraphImpl.scala:235,215 212 219 223 227 221 225 217 229,800,0,0,0,False,
